{
    "lr": {
        "accuracy": 0.767635260737697,
        "classification_report": {
            "0": {
                "precision": 0.9120023944926668,
                "recall": 0.8591569152685746,
                "f1-score": 0.8847912885662432,
                "support": 7093.0
            },
            "1": {
                "precision": 0.5297372060857538,
                "recall": 0.5314523589269196,
                "f1-score": 0.5305933964442392,
                "support": 2162.0
            },
            "2": {
                "precision": 0.4401459854014598,
                "recall": 0.6242236024844721,
                "f1-score": 0.5162671232876712,
                "support": 966.0
            },
            "accuracy": 0.767635260737697,
            "macro avg": {
                "precision": 0.6272951953266268,
                "recall": 0.671610958893322,
                "f1-score": 0.6438839360993845,
                "support": 10221.0
            },
            "weighted avg": {
                "precision": 0.7865478764887678,
                "recall": 0.767635260737697,
                "f1-score": 0.7750397783004302,
                "support": 10221.0
            }
        }
    },
    "nb": {
        "accuracy": 0.7981606496428921,
        "classification_report": {
            "0": {
                "precision": 0.8384135145060595,
                "recall": 0.9655998872127449,
                "f1-score": 0.8975232603852706,
                "support": 7093.0
            },
            "1": {
                "precision": 0.6472534745201853,
                "recall": 0.45235892691951896,
                "f1-score": 0.5325347127688538,
                "support": 2162.0
            },
            "2": {
                "precision": 0.6118299445471349,
                "recall": 0.34265010351966874,
                "f1-score": 0.43928334439283345,
                "support": 966.0
            },
            "accuracy": 0.7981606496428921,
            "macro avg": {
                "precision": 0.69916564452446,
                "recall": 0.5868696392173108,
                "f1-score": 0.6231137725156527,
                "support": 10221.0
            },
            "weighted avg": {
                "precision": 0.776563623592276,
                "recall": 0.7981606496428921,
                "f1-score": 0.7770101013210512,
                "support": 10221.0
            }
        }
    },
    "svm": {
        "accuracy": 0.7833871441150573,
        "classification_report": {
            "0": {
                "precision": 0.9101839779805881,
                "recall": 0.8858029042718173,
                "f1-score": 0.8978279508430981,
                "support": 7093.0
            },
            "1": {
                "precision": 0.5737538148524923,
                "recall": 0.5217391304347826,
                "f1-score": 0.5465116279069767,
                "support": 2162.0
            },
            "2": {
                "precision": 0.4408284023668639,
                "recall": 0.6169772256728778,
                "f1-score": 0.5142364106988784,
                "support": 966.0
            },
            "accuracy": 0.7833871441150573,
            "macro avg": {
                "precision": 0.6415887317333148,
                "recall": 0.6748397534598259,
                "f1-score": 0.652858663149651,
                "support": 10221.0
            },
            "weighted avg": {
                "precision": 0.794661084063574,
                "recall": 0.7833871441150573,
                "f1-score": 0.7872619281479399,
                "support": 10221.0
            }
        }
    }
}