{
    "bilstm": {
        "accuracy": 0.8823989824870365,
        "report": {
            "0": {
                "precision": 0.9334515205236602,
                "recall": 0.965035950937544,
                "f1-score": 0.9489810065160128,
                "support": 7093.0
            },
            "1": {
                "precision": 0.7605826126536186,
                "recall": 0.772895467160037,
                "f1-score": 0.76668960770819,
                "support": 2162.0
            },
            "2": {
                "precision": 0.7279305354558611,
                "recall": 0.520703933747412,
                "f1-score": 0.6071213035606517,
                "support": 966.0
            },
            "accuracy": 0.8823989824870365,
            "macro avg": {
                "precision": 0.8073215562110466,
                "recall": 0.7528784506149977,
                "f1-score": 0.7742639725949516,
                "support": 10221.0
            },
            "weighted avg": {
                "precision": 0.8774613189396152,
                "recall": 0.8823989824870365,
                "f1-score": 0.8781121602898715,
                "support": 10221.0
            }
        }
    },
    "cnn": {
        "accuracy": 0.8649838567654828,
        "report": {
            "0": {
                "precision": 0.9345459556290479,
                "recall": 0.9561539546031298,
                "f1-score": 0.945226480836237,
                "support": 7093.0
            },
            "1": {
                "precision": 0.7395121951219512,
                "recall": 0.7012025901942646,
                "f1-score": 0.7198480531813866,
                "support": 2162.0
            },
            "2": {
                "precision": 0.5940919037199125,
                "recall": 0.562111801242236,
                "f1-score": 0.5776595744680851,
                "support": 966.0
            },
            "accuracy": 0.8649838567654828,
            "macro avg": {
                "precision": 0.7560500181569706,
                "recall": 0.7398227820132101,
                "f1-score": 0.747578036161903,
                "support": 10221.0
            },
            "weighted avg": {
                "precision": 0.8611146275436776,
                "recall": 0.8649838567654828,
                "f1-score": 0.8628140170712998,
                "support": 10221.0
            }
        }
    }
}