{
    "distilbert": {
        "accuracy": 0.6450445161921534,
        "report": {
            "0": {
                "precision": 0.91015625,
                "recall": 0.6898350486395037,
                "f1-score": 0.7848263693961023,
                "support": 7093.0
            },
            "1": {
                "precision": 0.39240959541711423,
                "recall": 0.5069380203515264,
                "f1-score": 0.4423814328960646,
                "support": 2162.0
            },
            "2": {
                "precision": 0.29434697855750486,
                "recall": 0.6252587991718427,
                "f1-score": 0.4002650762094102,
                "support": 966.0
            },
            "accuracy": 0.6450445161921534,
            "macro avg": {
                "precision": 0.5323042746582064,
                "recall": 0.6073439560542909,
                "f1-score": 0.5424909595005257,
                "support": 10221.0
            },
            "weighted avg": {
                "precision": 0.7424388032314205,
                "recall": 0.6450445161921534,
                "f1-score": 0.6760452166780291,
                "support": 10221.0
            }
        }
    }
}