{
    "lr": {
        "accuracy": 0.767635260737697,
        "report": {
            "0": {
                "precision": 0.9120023944926668,
                "recall": 0.8591569152685746,
                "f1-score": 0.8847912885662432,
                "support": 7093.0
            },
            "1": {
                "precision": 0.5297372060857538,
                "recall": 0.5314523589269196,
                "f1-score": 0.5305933964442392,
                "support": 2162.0
            },
            "2": {
                "precision": 0.4401459854014598,
                "recall": 0.6242236024844721,
                "f1-score": 0.5162671232876712,
                "support": 966.0
            },
            "accuracy": 0.767635260737697,
            "macro avg": {
                "precision": 0.6272951953266268,
                "recall": 0.671610958893322,
                "f1-score": 0.6438839360993845,
                "support": 10221.0
            },
            "weighted avg": {
                "precision": 0.7865478764887678,
                "recall": 0.767635260737697,
                "f1-score": 0.7750397783004302,
                "support": 10221.0
            }
        }
    },
    "nb": {
        "accuracy": 0.7981606496428921,
        "report": {
            "0": {
                "precision": 0.8384135145060595,
                "recall": 0.9655998872127449,
                "f1-score": 0.8975232603852706,
                "support": 7093.0
            },
            "1": {
                "precision": 0.6472534745201853,
                "recall": 0.45235892691951896,
                "f1-score": 0.5325347127688538,
                "support": 2162.0
            },
            "2": {
                "precision": 0.6118299445471349,
                "recall": 0.34265010351966874,
                "f1-score": 0.43928334439283345,
                "support": 966.0
            },
            "accuracy": 0.7981606496428921,
            "macro avg": {
                "precision": 0.69916564452446,
                "recall": 0.5868696392173108,
                "f1-score": 0.6231137725156527,
                "support": 10221.0
            },
            "weighted avg": {
                "precision": 0.776563623592276,
                "recall": 0.7981606496428921,
                "f1-score": 0.7770101013210512,
                "support": 10221.0
            }
        }
    },
    "svm": {
        "accuracy": 0.7833871441150573,
        "report": {
            "0": {
                "precision": 0.9101839779805881,
                "recall": 0.8858029042718173,
                "f1-score": 0.8978279508430981,
                "support": 7093.0
            },
            "1": {
                "precision": 0.5737538148524923,
                "recall": 0.5217391304347826,
                "f1-score": 0.5465116279069767,
                "support": 2162.0
            },
            "2": {
                "precision": 0.4408284023668639,
                "recall": 0.6169772256728778,
                "f1-score": 0.5142364106988784,
                "support": 966.0
            },
            "accuracy": 0.7833871441150573,
            "macro avg": {
                "precision": 0.6415887317333148,
                "recall": 0.6748397534598259,
                "f1-score": 0.652858663149651,
                "support": 10221.0
            },
            "weighted avg": {
                "precision": 0.794661084063574,
                "recall": 0.7833871441150573,
                "f1-score": 0.7872619281479399,
                "support": 10221.0
            }
        }
    },
    "bilstm": {
        "accuracy": 0.8971724880148714,
        "report": {
            "0": {
                "precision": 0.9361875084676873,
                "recall": 0.9741999154095587,
                "f1-score": 0.954815531297499,
                "support": 7093.0
            },
            "1": {
                "precision": 0.8253319713993871,
                "recall": 0.7474560592044404,
                "f1-score": 0.7844660194174757,
                "support": 2162.0
            },
            "2": {
                "precision": 0.7301587301587301,
                "recall": 0.6666666666666666,
                "f1-score": 0.696969696969697,
                "support": 966.0
            },
            "accuracy": 0.8971724880148714,
            "macro avg": {
                "precision": 0.8305594033419349,
                "recall": 0.7961075470935551,
                "f1-score": 0.8120837492282238,
                "support": 10221.0
            },
            "weighted avg": {
                "precision": 0.8932667109930648,
                "recall": 0.8971724880148714,
                "f1-score": 0.8944129561438675,
                "support": 10221.0
            }
        }
    },
    "cnn": {
        "accuracy": 0.8831816847666569,
        "report": {
            "0": {
                "precision": 0.9343105320304017,
                "recall": 0.9705343296207528,
                "f1-score": 0.9520780029043635,
                "support": 7093.0
            },
            "1": {
                "precision": 0.789795918367347,
                "recall": 0.7160037002775208,
                "f1-score": 0.7510917030567685,
                "support": 2162.0
            },
            "2": {
                "precision": 0.6662933930571109,
                "recall": 0.6159420289855072,
                "f1-score": 0.6401291016675632,
                "support": 966.0
            },
            "accuracy": 0.8831816847666569,
            "macro avg": {
                "precision": 0.7967999478182866,
                "recall": 0.7674933529612603,
                "f1-score": 0.7810996025428985,
                "support": 10221.0
            },
            "weighted avg": {
                "precision": 0.8784113880143836,
                "recall": 0.8831816847666569,
                "f1-score": 0.8800816210566725,
                "support": 10221.0
            }
        }
    },
    "distilbert": {
        "accuracy": 0.8212503668916936,
        "report": {
            "0": {
                "precision": 0.8634888944347392,
                "recall": 0.975609756097561,
                "f1-score": 0.9161315946250083,
                "support": 7093.0
            },
            "1": {
                "precision": 0.6879746835443038,
                "recall": 0.5027752081406105,
                "f1-score": 0.5809727418492785,
                "support": 2162.0
            },
            "2": {
                "precision": 0.6172248803827751,
                "recall": 0.40062111801242234,
                "f1-score": 0.4858757062146893,
                "support": 966.0
            },
            "accuracy": 0.8212503668916936,
            "macro avg": {
                "precision": 0.7228961527872727,
                "recall": 0.6263353607501979,
                "f1-score": 0.660993347562992,
                "support": 10221.0
            },
            "weighted avg": {
                "precision": 0.8030884677133501,
                "recall": 0.8212503668916936,
                "f1-score": 0.8045729772778313,
                "support": 10221.0
            }
        }
    }
}