{
    "bilstm": {
        "accuracy": 0.8869973583798063,
        "report": {
            "0": {
                "precision": 0.933260840016311,
                "recall": 0.9679966163823488,
                "f1-score": 0.9503114186851211,
                "support": 7093.0
            },
            "1": {
                "precision": 0.8137566137566138,
                "recall": 0.7113783533765032,
                "f1-score": 0.7591312931885489,
                "support": 2162.0
            },
            "2": {
                "precision": 0.6796714579055442,
                "recall": 0.6853002070393375,
                "f1-score": 0.6824742268041237,
                "support": 966.0
            },
            "accuracy": 0.8869973583798063,
            "macro avg": {
                "precision": 0.8088963038928231,
                "recall": 0.7882250589327299,
                "f1-score": 0.7973056462259311,
                "support": 10221.0
            },
            "weighted avg": {
                "precision": 0.884015611536469,
                "recall": 0.8869973583798063,
                "f1-score": 0.8845583457293796,
                "support": 10221.0
            }
        }
    },
    "cnn": {
        "accuracy": 0.8718325017121612,
        "report": {
            "0": {
                "precision": 0.9414464534075104,
                "recall": 0.9543211617087269,
                "f1-score": 0.9478400896170273,
                "support": 7093.0
            },
            "1": {
                "precision": 0.7478468899521531,
                "recall": 0.7229417206290472,
                "f1-score": 0.7351834430856068,
                "support": 2162.0
            },
            "2": {
                "precision": 0.6153028692879915,
                "recall": 0.5993788819875776,
                "f1-score": 0.6072364971158888,
                "support": 966.0
            },
            "accuracy": 0.8718325017121612,
            "macro avg": {
                "precision": 0.7681987375492184,
                "recall": 0.7588805881084507,
                "f1-score": 0.7634200099395075,
                "support": 10221.0
            },
            "weighted avg": {
                "precision": 0.8696709951891426,
                "recall": 0.8718325017121612,
                "f1-score": 0.8706669421601219,
                "support": 10221.0
            }
        }
    }
}